game_id,additions,additions_count
58386,[],0
58806,[],0
602224,[],0
398401,[],0
802181,[],0
481913,[],0
993875,[],0
979524,[],0
616688,[],0
976564,[],0
977316,[],0
804753,[],0
718135,[],0
868086,[],0
327209,"[{'id': 783887, 'slug': 'songs-of-conquest-supporter-pack-bundle', 'name': 'Songs of Conquest - Supporter Pack Bundle', 'released': '2022-05-09', 'tba': False, 'background_image': 'https://media.rawg.io/media/screenshots/a70/a70b948b74ebf704a7a1fcc1a89b06a3.jpg', 'rating': 0.0, 'rating_top': 0, 'ratings': [{'id': 4, 'title': 'recommended', 'count': 1, 'percent': 100.0}], 'ratings_count': 1, 'reviews_text_count': 0, 'added': 1, 'added_by_status': {'dropped': 1}, 'metacritic': None, 'playtime': 0, 'suggestions_count': 484, 'updated': '2025-05-15T19:18:11', 'user_game': None, 'reviews_count': 1, 'community_rating': 0, 'saturated_color': '0f0f0f', 'dominant_color': '0f0f0f', 'platforms': [{'platform': {'id': 5, 'name': 'macOS', 'slug': 'macos', 'image': None, 'year_end': None, 'year_start': None, 'games_count': 107790, 'image_background': 'https://media.rawg.io/media/games/8d6/8d69eb6c32ed6acfd75f82d532144993.jpg'}, 'released_at': '2022-05-09', 'requirements_en': None, 'requirements_ru': None}, {'platform': {'id': 4, 'name': 'PC', 'slug': 'pc', 'image': None, 'year_end': None, 'year_start': None, 'games_count': 558895, 'image_background': 'https://media.rawg.io/media/games/46d/46d98e6910fbc0706e2948a7cc9b10c5.jpg'}, 'released_at': '2022-05-09', 'requirements_en': None, 'requirements_ru': None}], 'parent_platforms': [{'platform': {'id': 1, 'name': 'PC', 'slug': 'pc'}}, {'platform': {'id': 5, 'name': 'Apple Macintosh', 'slug': 'mac'}}], 'genres': [], 'stores': [{'id': 780434, 'store': {'id': 5, 'name': 'GOG', 'slug': 'gog', 'domain': 'gog.com', 'games_count': 7041, 'image_background': 'https://media.rawg.io/media/games/63f/63f0e68688cad279ed38cde931dbfcdb.jpg'}}], 'clip': None, 'tags': [{'id': 1709, 'name': 'work', 'slug': 'work', 'language': 'eng', 'games_count': 9283, 'image_background': 'https://media.rawg.io/media/games/b13/b1315418c35bd241dc592f4e271b7bec.jpg'}, {'id': 3626, 'name': 'treasure', 'slug': 'treasure', 'language': 'eng', 'games_count': 1881, 'image_background': 'https://media.rawg.io/media/games/c16/c160077f8977cb22f14e56408c1560ef.jpg'}, {'id': 2267, 'name': 'pets', 'slug': 'pets', 'language': 'eng', 'games_count': 237, 'image_background': 'https://media.rawg.io/media/screenshots/032/0327e23eb0c0cf25878e2ee2c2f5359c.jpg'}], 'esrb_rating': None, 'short_screenshots': [{'id': -1, 'image': 'https://media.rawg.io/media/screenshots/a70/a70b948b74ebf704a7a1fcc1a89b06a3.jpg'}, {'id': 3369273, 'image': 'https://media.rawg.io/media/screenshots/f09/f094dbe8d90c27d3a93d3512ad83a91e.jpg'}, {'id': 3369274, 'image': 'https://media.rawg.io/media/screenshots/9c6/9c62fe94ca698597d85c8ee3d1027ebc.jpg'}, {'id': 3369275, 'image': 'https://media.rawg.io/media/screenshots/5e0/5e0ef3902b6bddd1298895ee67d51855.jpg'}, {'id': 3369276, 'image': 'https://media.rawg.io/media/screenshots/142/142790599b1c6a97a2d720e4a8136f54.jpg'}, {'id': 3369277, 'image': 'https://media.rawg.io/media/screenshots/adb/adbcd2a5e96e5b0eb6698fee99e42d1a.jpg'}, {'id': 3369278, 'image': 'https://media.rawg.io/media/screenshots/b46/b468b8545676370bde48cecfb7f8f6ec.jpg'}]}]",1
635386,[],0
398405,[],0
881537,[],0
301516,[],0
258363,[],0
975393,[],0
705616,[],0
962011,[],0
816311,[],0
904375,[],0
850702,[],0
975600,[],0
476122,[],0
802435,[],0
962676,[],0
391403,[],0
457728,[],0
898351,[],0
974482,[],0
325032,[],0
647660,[],0
963212,[],0
667649,[],0
428046,[],0
849517,[],0
850705,[],0
9794,[],0
50739,[],0
783856,[],0
962135,[],0
977470,[],0
962020,[],0
980664,[],0
496652,[],0
257242,"[{'id': 983580, 'slug': 'shin-megami-tensei-v-vengeance', 'name': 'Shin Megami Tensei V: Vengeance Digital Deluxe Edition', 'released': '2024-06-13', 'tba': False, 'background_image': 'https://media.rawg.io/media/games/7a5/7a5c939e93ac3d38be4451554ce447eb.jpg', 'rating': 0.0, 'rating_top': 4, 'ratings': [{'id': 4, 'title': 'recommended', 'count': 2, 'percent': 40.0}, {'id': 5, 'title': 'exceptional', 'count': 1, 'percent': 20.0}, {'id': 3, 'title': 'meh', 'count': 1, 'percent': 20.0}, {'id': 1, 'title': 'skip', 'count': 1, 'percent': 20.0}], 'ratings_count': 5, 'reviews_text_count': 0, 'added': 53, 'added_by_status': {'yet': 3, 'owned': 34, 'beaten': 3, 'toplay': 9, 'dropped': 1, 'playing': 3}, 'metacritic': None, 'playtime': 15, 'suggestions_count': 291, 'updated': '2025-06-25T13:29:36', 'user_game': None, 'reviews_count': 5, 'saturated_color': '0f0f0f', 'dominant_color': '0f0f0f', 'platforms': [{'platform': {'id': 7, 'name': 'Nintendo Switch', 'slug': 'nintendo-switch', 'image': None, 'year_end': None, 'year_start': None, 'games_count': 5718, 'image_background': 'https://media.rawg.io/media/games/7c4/7c448374df84b607f67ce9182a3a3ca7.jpg'}, 'released_at': '2024-06-13', 'requirements_en': None, 'requirements_ru': None}, {'platform': {'id': 186, 'name': 'Xbox Series S/X', 'slug': 'xbox-series-x', 'image': None, 'year_end': None, 'year_start': 2020, 'games_count': 1166, 'image_background': 'https://media.rawg.io/media/games/345/3452d9d4483686c602372e0e6b3bb4cc.jpg'}, 'released_at': '2024-06-13', 'requirements_en': None, 'requirements_ru': None}, {'platform': {'id': 1, 'name': 'Xbox One', 'slug': 'xbox-one', 'image': None, 'year_end': None, 'year_start': None, 'games_count': 5712, 'image_background': 'https://media.rawg.io/media/games/73e/73eecb8909e0c39fb246f457b5d6cbbe.jpg'}, 'released_at': '2024-06-13', 'requirements_en': None, 'requirements_ru': None}, {'platform': {'id': 18, 'name': 'PlayStation 4', 'slug': 'playstation4', 'image': None, 'year_end': None, 'year_start': None, 'games_count': 6947, 'image_background': 'https://media.rawg.io/media/games/490/49016e06ae2103881ff6373248843069.jpg'}, 'released_at': '2024-06-13', 'requirements_en': None, 'requirements_ru': None}, {'platform': {'id': 187, 'name': 'PlayStation 5', 'slug': 'playstation5', 'image': None, 'year_end': None, 'year_start': 2020, 'games_count': 1353, 'image_background': 'https://media.rawg.io/media/games/559/559bc0768f656ad0c63c54b80a82d680.jpg'}, 'released_at': '2024-06-13', 'requirements_en': None, 'requirements_ru': None}, {'platform': {'id': 4, 'name': 'PC', 'slug': 'pc', 'image': None, 'year_end': None, 'year_start': None, 'games_count': 558895, 'image_background': 'https://media.rawg.io/media/games/46d/46d98e6910fbc0706e2948a7cc9b10c5.jpg'}, 'released_at': '2024-06-13', 'requirements_en': {'minimum': '<strong>Minimum:</strong><br><ul class=""bb_ul""><li>Requires a 64-bit processor and operating system<br></li><li><strong>OS:</strong> Windows 10<br></li><li><strong>Processor:</strong> Intel Core i5-2400 or AMD FX-6350<br></li><li><strong>Memory:</strong> 6 GB RAM<br></li><li><strong>Graphics:</strong> NVIDIA GeForce GTX 550 Ti, 1 GB or AMD Radeon HD 7750, 1 GB<br></li><li><strong>DirectX:</strong> Version 12<br></li><li><strong>Storage:</strong> 30 GB available space<br></li><li><strong>Additional Notes:</strong> Low 720p @ 30 FPS</li></ul>', 'recommended': '<strong>Recommended:</strong><br><ul class=""bb_ul""><li>Requires a 64-bit processor and operating system<br></li><li><strong>OS:</strong> Windows 10<br></li><li><strong>Processor:</strong> Intel Core i5-3470 or AMD Ryzen 5 1400<br></li><li><strong>Memory:</strong> 8 GB RAM<br></li><li><strong>Graphics:</strong> NVIDIA GeForce GTX 960, 4 GB or AMD Radeon R9 380, 4 GB<br></li><li><strong>DirectX:</strong> Version 12<br></li><li><strong>Storage:</strong> 30 GB available space<br></li><li><strong>Additional Notes:</strong> High 1080p @ 60 FPS</li></ul>'}, 'requirements_ru': None}], 'parent_platforms': [{'platform': {'id': 1, 'name': 'PC', 'slug': 'pc'}}, {'platform': {'id': 2, 'name': 'PlayStation', 'slug': 'playstation'}}, {'platform': {'id': 3, 'name': 'Xbox', 'slug': 'xbox'}}, {'platform': {'id': 7, 'name': 'Nintendo', 'slug': 'nintendo'}}], 'genres': [{'id': 3, 'name': 'Adventure', 'slug': 'adventure', 'games_count': 151045, 'image_background': 'https://media.rawg.io/media/games/b54/b54598d1d5cc31899f4f0a7e3122a7b0.jpg'}, {'id': 5, 'name': 'RPG', 'slug': 'role-playing-games-rpg', 'games_count': 61619, 'image_background': 'https://media.rawg.io/media/games/ee3/ee3e10193aafc3230ba1cae426967d10.jpg'}], 'stores': [{'id': 991196, 'store': {'id': 6, 'name': 'Nintendo Store', 'slug': 'nintendo', 'domain': 'nintendo.com', 'games_count': 9141, 'image_background': 'https://media.rawg.io/media/games/587/587588c64afbff80e6f444eb2e46f9da.jpg'}}, {'id': 991195, 'store': {'id': 2, 'name': 'Xbox Store', 'slug': 'xbox-store', 'domain': 'microsoft.com', 'games_count': 4930, 'image_background': 'https://media.rawg.io/media/games/4a0/4a0a1316102366260e6f38fd2a9cfdce.jpg'}}, {'id': 984416, 'store': {'id': 1, 'name': 'Steam', 'slug': 'steam', 'domain': 'store.steampowered.com', 'games_count': 121767, 'image_background': 'https://media.rawg.io/media/games/f46/f466571d536f2e3ea9e815ad17177501.jpg'}}], 'clip': None, 'tags': [{'id': 31, 'name': 'Singleplayer', 'slug': 'singleplayer', 'language': 'eng', 'games_count': 249492, 'image_background': 'https://media.rawg.io/media/games/021/021c4e21a1824d2526f925eff6324653.jpg'}, {'id': 40847, 'name': 'Steam Achievements', 'slug': 'steam-achievements', 'language': 'eng', 'games_count': 50978, 'image_background': 'https://media.rawg.io/media/games/736/73619bd336c894d6941d926bfd563946.jpg'}, {'id': 40836, 'name': 'Full controller support', 'slug': 'full-controller-support', 'language': 'eng', 'games_count': 23821, 'image_background': 'https://media.rawg.io/media/games/d58/d588947d4286e7b5e0e12e1bea7d9844.jpg'}, {'id': 40849, 'name': 'Steam Cloud', 'slug': 'steam-cloud', 'language': 'eng', 'games_count': 25288, 'image_background': 'https://media.rawg.io/media/games/310/3106b0e012271c5ffb16497b070be739.jpg'}, {'id': 13, 'name': 'Atmospheric', 'slug': 'atmospheric', 'language': 'eng', 'games_count': 39374, 'image_background': 'https://media.rawg.io/media/games/7cf/7cfc9220b401b7a300e409e539c9afd5.jpg'}, {'id': 24, 'name': 'RPG', 'slug': 'rpg', 'language': 'eng', 'games_count': 26328, 'image_background': 'https://media.rawg.io/media/games/618/618c2031a07bbff6b4f611f10b6bcdbc.jpg'}, {'id': 118, 'name': 'Story Rich', 'slug': 'story-rich', 'language': 'eng', 'games_count': 26979, 'image_background': 'https://media.rawg.io/media/games/fc1/fc1307a2774506b5bd65d7e8424664a7.jpg'}, {'id': 149, 'name': 'Third Person', 'slug': 'third-person', 'language': 'eng', 'games_count': 14556, 'image_background': 'https://media.rawg.io/media/games/16b/16b1b7b36e2042d1128d5a3e852b3b2f.jpg'}, {'id': 6, 'name': 'Exploration', 'slug': 'exploration', 'language': 'eng', 'games_count': 28910, 'image_background': 'https://media.rawg.io/media/games/253/2534a46f3da7fa7c315f1387515ca393.jpg'}, {'id': 49, 'name': 'Difficult', 'slug': 'difficult', 'language': 'eng', 'games_count': 14239, 'image_background': 'https://media.rawg.io/media/games/6d3/6d33014a4ed48a19c30a77ead5a0f62e.jpg'}, {'id': 41, 'name': 'Dark', 'slug': 'dark', 'language': 'eng', 'games_count': 18571, 'image_background': 'https://media.rawg.io/media/games/ebd/ebdbb7eb52bd58b0e7fa4538d9757b60.jpg'}, {'id': 134, 'name': 'Anime', 'slug': 'anime', 'language': 'eng', 'games_count': 16863, 'image_background': 'https://media.rawg.io/media/games/972/972aea3c9eb253e893947bec2d2cfbb9.jpg'}, {'id': 102, 'name': 'Turn-Based', 'slug': 'turn-based', 'language': 'eng', 'games_count': 5591, 'image_background': 'https://media.rawg.io/media/games/6c0/6c00ee85d1344f58c469e8e47fd8ae7c.jpg'}, {'id': 43, 'name': 'Post-apocalyptic', 'slug': 'post-apocalyptic', 'language': 'eng', 'games_count': 4890, 'image_background': 'https://media.rawg.io/media/games/2ad/2ad87a4a69b1104f02435c14c5196095.jpg'}, {'id': 145, 'name': 'Choices Matter', 'slug': 'choices-matter', 'language': 'eng', 'games_count': 8223, 'image_background': 'https://media.rawg.io/media/games/046/0464f4a36cd975a37c95b93b06058855.jpg'}, {'id': 571, 'name': '3D', 'slug': '3d', 'language': 'eng', 'games_count': 93290, 'image_background': 'https://media.rawg.io/media/games/b29/b294fdd866dcdb643e7bab370a552855.jpg'}, {'id': 101, 'name': 'Turn-Based Strategy', 'slug': 'turn-based-strategy', 'language': 'eng', 'games_count': 6564, 'image_background': 'https://media.rawg.io/media/games/9bf/9bfac18ff678f41a4674250fa0e04a52.jpg'}, {'id': 218, 'name': 'Multiple Endings', 'slug': 'multiple-endings', 'language': 'eng', 'games_count': 11432, 'image_background': 'https://media.rawg.io/media/games/dc0/dc0926d3f84ffbcc00968fe8a6f0aed3.jpg'}, {'id': 233, 'name': 'JRPG', 'slug': 'jrpg', 'language': 'eng', 'games_count': 5207, 'image_background': 'https://media.rawg.io/media/games/c6f/c6fc62de480c614fed2b88df0155cdcd.jpg'}, {'id': 51, 'name': 'Destruction', 'slug': 'destruction', 'language': 'eng', 'games_count': 3950, 'image_background': 'https://media.rawg.io/media/games/9da/9da42a4da370cc386c8578f0b2578e2c.jpg'}, {'id': 187, 'name': 'Demons', 'slug': 'demons', 'language': 'eng', 'games_count': 3437, 'image_background': 'https://media.rawg.io/media/screenshots/f8a/f8ad3beca3f31d3d5033b6442ae4713a.jpg'}, {'id': 91686, 'name': 'Family Sharing', 'slug': 'family-sharing', 'language': 'eng', 'games_count': 27664, 'image_background': 'https://media.rawg.io/media/games/9cd/9cd22ae5aebd922f96f2bc50efab83df.jpg'}, {'id': 295, 'name': 'Soundtrack', 'slug': 'soundtrack', 'language': 'eng', 'games_count': 3280, 'image_background': 'https://media.rawg.io/media/screenshots/c12/c12629168053f6616ea78315eeb11843.jpg'}, {'id': 64326, 'name': 'Постапокалипсис', 'slug': 'postapokalipsis', 'language': 'eng', 'games_count': 2516, 'image_background': 'https://media.rawg.io/media/games/d70/d70084559f41e7a7d4b1cc441c163763.jpg'}], 'esrb_rating': {'id': 4, 'name': 'Mature', 'slug': 'mature'}, 'short_screenshots': [{'id': -1, 'image': 'https://media.rawg.io/media/games/7a5/7a5c939e93ac3d38be4451554ce447eb.jpg'}, {'id': 4055195, 'image': 'https://media.rawg.io/media/screenshots/4d5/4d5946862bb121809fa6d6b60a35fd74.jpg'}, {'id': 4055196, 'image': 'https://media.rawg.io/media/screenshots/b33/b33cef3d8b0b9103eeab779a038875e9.jpg'}, {'id': 4055197, 'image': 'https://media.rawg.io/media/screenshots/a35/a357d316335536377ce66c1c21908179.jpg'}, {'id': 4055198, 'image': 'https://media.rawg.io/media/screenshots/057/057a8c1c811438da627ec88d4a3ee776.jpg'}, {'id': 4055199, 'image': 'https://media.rawg.io/media/screenshots/164/164e6f85dd054ae1a11b7fa0c306da4a.jpg'}, {'id': 4055200, 'image': 'https://media.rawg.io/media/screenshots/090/090ec2f4f485dd0badb735ee0b366b4d.jpg'}]}]",1
961204,[],0
973786,[],0
975605,[],0
906504,[],0
982817,[],0
966221,[],0
987039,[],0
972403,[],0
983212,[],0
973539,[],0
965471,[],0
274764,[],0
978865,[],0
29239,[],0
934643,[],0
987537,[],0
804851,[],0
962025,[],0
989947,[],0
724095,[],0
428874,[],0
485138,[],0
987121,[],0
850708,[],0
357246,[],0
982603,[],0
983925,[],0
982711,[],0
485219,[],0
991790,[],0
981624,[],0
975425,[],0
28158,[],0
961206,[],0
489293,[],0
984858,[],0
978303,[],0
804855,"[{'id': 826889, 'slug': 'anger-foot-demo', 'name': 'Anger Foot Demo', 'released': None, 'tba': False, 'background_image': 'https://media.rawg.io/media/screenshots/573/57342defadee5c469bf3663e7a738531.jpg', 'rating': 0.0, 'rating_top': 0, 'ratings': [], 'ratings_count': 0, 'reviews_text_count': 0, 'added': 7, 'added_by_status': {'owned': 6, 'beaten': 1}, 'metacritic': None, 'playtime': 1, 'suggestions_count': 454, 'updated': '2022-07-29T06:52:59', 'user_game': None, 'reviews_count': 0, 'community_rating': 0, 'saturated_color': '0f0f0f', 'dominant_color': '0f0f0f', 'platforms': [{'platform': {'id': 4, 'name': 'PC', 'slug': 'pc', 'image': None, 'year_end': None, 'year_start': None, 'games_count': 558895, 'image_background': 'https://media.rawg.io/media/games/46d/46d98e6910fbc0706e2948a7cc9b10c5.jpg'}, 'released_at': None, 'requirements_en': None, 'requirements_ru': None}], 'parent_platforms': [{'platform': {'id': 1, 'name': 'PC', 'slug': 'pc'}}], 'genres': [], 'stores': [{'id': 823927, 'store': {'id': 5, 'name': 'GOG', 'slug': 'gog', 'domain': 'gog.com', 'games_count': 7041, 'image_background': 'https://media.rawg.io/media/games/63f/63f0e68688cad279ed38cde931dbfcdb.jpg'}}], 'clip': None, 'tags': [{'id': 165, 'name': 'Colorful', 'slug': 'colorful', 'language': 'eng', 'games_count': 28596, 'image_background': 'https://media.rawg.io/media/screenshots/120/120d930368bc171c42f9caab94e33c65.jpg'}, {'id': 2030, 'name': 'city', 'slug': 'city', 'language': 'eng', 'games_count': 9278, 'image_background': 'https://media.rawg.io/media/games/122/1222277df1e3a000327b65d9ca45126a.jpg'}, {'id': 295, 'name': 'Soundtrack', 'slug': 'soundtrack', 'language': 'eng', 'games_count': 3280, 'image_background': 'https://media.rawg.io/media/screenshots/c12/c12629168053f6616ea78315eeb11843.jpg'}, {'id': 3109, 'name': 'weapons', 'slug': 'weapons', 'language': 'eng', 'games_count': 2305, 'image_background': 'https://media.rawg.io/media/games/bb0/bb04eabb272c7bd9e89e0321b5c47b86.jpg'}, {'id': 820, 'name': 'secrets', 'slug': 'secrets', 'language': 'eng', 'games_count': 3413, 'image_background': 'https://media.rawg.io/media/screenshots/fae/faef87e072c9156cab9acaf8a3bef244.jpg'}, {'id': 1626, 'name': 'collection', 'slug': 'collection', 'language': 'eng', 'games_count': 3701, 'image_background': 'https://media.rawg.io/media/screenshots/83d/83d046e6efe7a6d4a31a88177e2605b5.jpg'}, {'id': 3117, 'name': 'shoot', 'slug': 'shoot', 'language': 'eng', 'games_count': 9954, 'image_background': 'https://media.rawg.io/media/games/284/284cb1e737885279fea97df9a9d202f7.jpg'}, {'id': 2774, 'name': 'learn', 'slug': 'learn', 'language': 'eng', 'games_count': 1324, 'image_background': 'https://media.rawg.io/media/screenshots/299/29904b87229ea59a1a4186833e4028dd.jpg'}, {'id': 2296, 'name': 'crash', 'slug': 'crash', 'language': 'eng', 'games_count': 633, 'image_background': 'https://media.rawg.io/media/screenshots/78a/78a31a24c2fb358358a82a869908636d_gGdjEZQ.jpg'}, {'id': 622, 'name': 'human', 'slug': 'human', 'language': 'eng', 'games_count': 96, 'image_background': 'https://media.rawg.io/media/screenshots/f7e/f7e54611f6c3fc2aa8c10b0c7c533fb8.jpg'}], 'esrb_rating': None, 'short_screenshots': [{'id': -1, 'image': 'https://media.rawg.io/media/screenshots/573/57342defadee5c469bf3663e7a738531.jpg'}, {'id': 3494012, 'image': 'https://media.rawg.io/media/screenshots/400/40046f6d201915a12537ce9623f758d8.jpg'}, {'id': 3494013, 'image': 'https://media.rawg.io/media/screenshots/d33/d3334d7ddae80857fb91390d4fb4b601.jpg'}, {'id': 3494014, 'image': 'https://media.rawg.io/media/screenshots/420/420b2008dca0bf60bfa3006763f76a6a.jpg'}, {'id': 3494015, 'image': 'https://media.rawg.io/media/screenshots/1b4/1b42abbec7eab8c42933c78d8391d5a8.jpg'}, {'id': 3494016, 'image': 'https://media.rawg.io/media/screenshots/875/875e3226b20c58a408558ceb1419b0a4.jpg'}, {'id': 3494017, 'image': 'https://media.rawg.io/media/screenshots/bc7/bc71f6d973c40140f7a1d477b7be0689.jpg'}]}]",1
989580,[],0
976005,[],0
985592,[],0
983717,[],0
983211,[],0
605543,[],0
962381,[],0
973509,[],0
14624,[],0
799266,[],0
977219,[],0
979140,[],0
554700,[],0
993142,[],0
759686,[],0
986330,[],0
989802,"[{'id': 254542, 'slug': 'horizon-zero-dawn-the-frozen-wilds', 'name': 'Horizon Zero Dawn: The Frozen Wilds', 'released': '2017-11-07', 'tba': False, 'background_image': 'https://media.rawg.io/media/games/b0a/b0a6ef260b58ef99b40faddd0f9ebed3.jpg', 'rating': 4.4, 'rating_top': 5, 'ratings': [{'id': 5, 'title': 'exceptional', 'count': 268, 'percent': 53.71}, {'id': 4, 'title': 'recommended', 'count': 177, 'percent': 35.47}, {'id': 3, 'title': 'meh', 'count': 46, 'percent': 9.22}, {'id': 1, 'title': 'skip', 'count': 8, 'percent': 1.6}], 'ratings_count': 496, 'reviews_text_count': 3, 'added': 1063, 'added_by_status': {'yet': 112, 'owned': 163, 'beaten': 510, 'toplay': 174, 'dropped': 59, 'playing': 45}, 'metacritic': 83, 'playtime': 0, 'suggestions_count': 533, 'updated': '2025-09-22T23:20:57', 'user_game': None, 'reviews_count': 499, 'saturated_color': '0f0f0f', 'dominant_color': '0f0f0f', 'platforms': [{'platform': {'id': 4, 'name': 'PC', 'slug': 'pc', 'image': None, 'year_end': None, 'year_start': None, 'games_count': 558895, 'image_background': 'https://media.rawg.io/media/games/46d/46d98e6910fbc0706e2948a7cc9b10c5.jpg'}, 'released_at': '2017-11-07', 'requirements_en': None, 'requirements_ru': None}, {'platform': {'id': 18, 'name': 'PlayStation 4', 'slug': 'playstation4', 'image': None, 'year_end': None, 'year_start': None, 'games_count': 6948, 'image_background': 'https://media.rawg.io/media/games/942/9424d6bb763dc38d9378b488603c87fa.jpg'}, 'released_at': '2017-11-07', 'requirements_en': None, 'requirements_ru': None}], 'parent_platforms': [{'platform': {'id': 1, 'name': 'PC', 'slug': 'pc'}}, {'platform': {'id': 2, 'name': 'PlayStation', 'slug': 'playstation'}}], 'genres': [{'id': 4, 'name': 'Action', 'slug': 'action', 'games_count': 190862, 'image_background': 'https://media.rawg.io/media/games/b45/b45575f34285f2c4479c9a5f719d972e.jpg'}, {'id': 3, 'name': 'Adventure', 'slug': 'adventure', 'games_count': 151047, 'image_background': 'https://media.rawg.io/media/games/baf/baf9905270314e07e6850cffdb51df41.jpg'}, {'id': 5, 'name': 'RPG', 'slug': 'role-playing-games-rpg', 'games_count': 61619, 'image_background': 'https://media.rawg.io/media/games/ee3/ee3e10193aafc3230ba1cae426967d10.jpg'}], 'stores': [{'id': 284607, 'store': {'id': 3, 'name': 'PlayStation Store', 'slug': 'playstation-store', 'domain': 'store.playstation.com', 'games_count': 8061, 'image_background': 'https://media.rawg.io/media/games/310/3106b0e012271c5ffb16497b070be739.jpg'}}], 'clip': None, 'tags': [{'id': 31, 'name': 'Singleplayer', 'slug': 'singleplayer', 'language': 'eng', 'games_count': 249492, 'image_background': 'https://media.rawg.io/media/games/021/021c4e21a1824d2526f925eff6324653.jpg'}, {'id': 13, 'name': 'Atmospheric', 'slug': 'atmospheric', 'language': 'eng', 'games_count': 39374, 'image_background': 'https://media.rawg.io/media/games/7cf/7cfc9220b401b7a300e409e539c9afd5.jpg'}, {'id': 24, 'name': 'RPG', 'slug': 'rpg', 'language': 'eng', 'games_count': 26328, 'image_background': 'https://media.rawg.io/media/games/618/618c2031a07bbff6b4f611f10b6bcdbc.jpg'}, {'id': 36, 'name': 'Open World', 'slug': 'open-world', 'language': 'eng', 'games_count': 9172, 'image_background': 'https://media.rawg.io/media/games/34b/34b1f1850a1c06fd971bc6ab3ac0ce0e.jpg'}, {'id': 32, 'name': 'Sci-fi', 'slug': 'sci-fi', 'language': 'eng', 'games_count': 21926, 'image_background': 'https://media.rawg.io/media/games/120/1201a40e4364557b124392ee50317b99.jpg'}, {'id': 6, 'name': 'Exploration', 'slug': 'exploration', 'language': 'eng', 'games_count': 28910, 'image_background': 'https://media.rawg.io/media/games/253/2534a46f3da7fa7c315f1387515ca393.jpg'}, {'id': 189, 'name': 'Female Protagonist', 'slug': 'female-protagonist', 'language': 'eng', 'games_count': 15384, 'image_background': 'https://media.rawg.io/media/games/b7d/b7d3f1715fa8381a4e780173a197a615.jpg'}, {'id': 69, 'name': 'Action-Adventure', 'slug': 'action-adventure', 'language': 'eng', 'games_count': 20784, 'image_background': 'https://media.rawg.io/media/games/fc3/fc30790a3b3c738d7a271b02c1e26dc2.jpg'}, {'id': 97, 'name': 'Action RPG', 'slug': 'action-rpg', 'language': 'eng', 'games_count': 8620, 'image_background': 'https://media.rawg.io/media/games/7cf/7cfc9220b401b7a300e409e539c9afd5.jpg'}, {'id': 43, 'name': 'Post-apocalyptic', 'slug': 'post-apocalyptic', 'language': 'eng', 'games_count': 4890, 'image_background': 'https://media.rawg.io/media/games/2ad/2ad87a4a69b1104f02435c14c5196095.jpg'}, {'id': 110, 'name': 'Cinematic', 'slug': 'cinematic', 'language': 'eng', 'games_count': 3331, 'image_background': 'https://media.rawg.io/media/games/b7d/b7d3f1715fa8381a4e780173a197a615.jpg'}, {'id': 167, 'name': 'Futuristic', 'slug': 'futuristic', 'language': 'eng', 'games_count': 6856, 'image_background': 'https://media.rawg.io/media/screenshots/bf7/bf71c819eace914e6c42ae3ecb667308.jpg'}, {'id': 478, 'name': '3rd-Person Perspective', 'slug': '3rd-person-perspective', 'language': 'eng', 'games_count': 87, 'image_background': 'https://media.rawg.io/media/games/909/909974d1c7863c2027241e265fe7011f.jpg'}, {'id': 209, 'name': 'Drama', 'slug': 'drama', 'language': 'eng', 'games_count': 5892, 'image_background': 'https://media.rawg.io/media/games/8d6/8d69eb6c32ed6acfd75f82d532144993.jpg'}, {'id': 78, 'name': 'America', 'slug': 'america', 'language': 'eng', 'games_count': 964, 'image_background': 'https://media.rawg.io/media/games/9aa/9aa42d16d425fa6f179fc9dc2f763647.jpg'}], 'esrb_rating': {'id': 3, 'name': 'Teen', 'slug': 'teen'}, 'short_screenshots': [{'id': -1, 'image': 'https://media.rawg.io/media/games/b0a/b0a6ef260b58ef99b40faddd0f9ebed3.jpg'}, {'id': 1811085, 'image': 'https://media.rawg.io/media/screenshots/f48/f483989adff18209c7852599472d06be.jpg'}, {'id': 1811086, 'image': 'https://media.rawg.io/media/screenshots/906/90616e7fa2954649ff38ffb5365d417b.jpg'}, {'id': 1811087, 'image': 'https://media.rawg.io/media/screenshots/86e/86e5f59593985188ac5cb03af34b3662.jpg'}, {'id': 1811088, 'image': 'https://media.rawg.io/media/screenshots/b86/b86d084963a93cbf5d362d0f4bc0dac4.jpg'}, {'id': 1811089, 'image': 'https://media.rawg.io/media/screenshots/517/5170d520fa67021446733a54a80bfeaf.jpg'}, {'id': 1811090, 'image': 'https://media.rawg.io/media/screenshots/bd3/bd3ca5e74594721d5f58e095513d0d99.jpg'}]}]",1
975048,[],0
989987,[],0
799270,[],0
989225,[],0
979634,[],0
58774,[],0
990187,[],0
976007,[],0
986889,[],0
975523,[],0
705347,[],0
976257,[],0
977230,[],0
489300,[],0
981885,[],0
977353,[],0
548019,[],0
985552,[],0
664971,[],0
973375,[],0
975391,[],0
959817,[],0
961403,[],0
813540,[],0
979261,[],0
972785,[],0
990568,[],0
529807,[],0
854494,[],0
462686,[],0
978293,[],0
978297,[],0
978290,[],0
977402,[],0
978295,[],0
981933,[],0
298439,[],0
976166,[],0
978289,[],0
976995,[],0
978288,[],0
957512,[],0
978294,[],0
986378,[],0
979139,[],0
986792,[],0
981609,[],0
965258,[],0
650565,[],0
983203,[],0
638641,[],0
980934,[],0
983993,[],0
985517,[],0
994787,[],0
966332,[],0
967102,[],0
978334,[],0
568911,[],0
978351,[],0
991154,[],0
959920,"[{'id': 1009841, 'slug': 'snufkin-melody-of-moominvalley-fuddlers-courtship', 'name': ""Snufkin: Melody of Moominvalley - Fuddler's Courtship"", 'released': '2024-12-17', 'tba': False, 'background_image': 'https://media.rawg.io/media/screenshots/119/1192bcf9a0a7be8f83e6f5fd7c9534c2.jpg', 'rating': 0.0, 'rating_top': 0, 'ratings': [{'id': 5, 'title': 'exceptional', 'count': 1, 'percent': 50.0}, {'id': 4, 'title': 'recommended', 'count': 1, 'percent': 50.0}], 'ratings_count': 2, 'reviews_text_count': 0, 'added': 2, 'added_by_status': {'beaten': 2}, 'metacritic': None, 'playtime': 0, 'suggestions_count': 52, 'updated': '2025-10-18T19:49:51', 'user_game': None, 'reviews_count': 2, 'community_rating': 0, 'saturated_color': '0f0f0f', 'dominant_color': '0f0f0f', 'platforms': [{'platform': {'id': 7, 'name': 'Nintendo Switch', 'slug': 'nintendo-switch', 'image': None, 'year_end': None, 'year_start': None, 'games_count': 5718, 'image_background': 'https://media.rawg.io/media/games/7c4/7c448374df84b607f67ce9182a3a3ca7.jpg'}, 'released_at': '2024-12-17', 'requirements_en': None, 'requirements_ru': None}, {'platform': {'id': 4, 'name': 'PC', 'slug': 'pc', 'image': None, 'year_end': None, 'year_start': None, 'games_count': 558895, 'image_background': 'https://media.rawg.io/media/games/46d/46d98e6910fbc0706e2948a7cc9b10c5.jpg'}, 'released_at': '2024-12-17', 'requirements_en': None, 'requirements_ru': None}], 'parent_platforms': [{'platform': {'id': 1, 'name': 'PC', 'slug': 'pc'}}, {'platform': {'id': 7, 'name': 'Nintendo', 'slug': 'nintendo'}}], 'genres': [{'id': 3, 'name': 'Adventure', 'slug': 'adventure', 'games_count': 151045, 'image_background': 'https://media.rawg.io/media/games/b54/b54598d1d5cc31899f4f0a7e3122a7b0.jpg'}, {'id': 40, 'name': 'Casual', 'slug': 'casual', 'games_count': 66895, 'image_background': 'https://media.rawg.io/media/games/bbf/bbf8d74ab64440ad76294cff2f4d9cfa.jpg'}], 'stores': [], 'clip': None, 'tags': [], 'esrb_rating': None, 'short_screenshots': [{'id': -1, 'image': 'https://media.rawg.io/media/screenshots/119/1192bcf9a0a7be8f83e6f5fd7c9534c2.jpg'}, {'id': 4253223, 'image': 'https://media.rawg.io/media/screenshots/e8d/e8de301a96b04809d6076eccc1fe8134.jpg'}, {'id': 4253224, 'image': 'https://media.rawg.io/media/screenshots/790/7908866ee0d747cd6da08b6183d12af9.jpg'}, {'id': 4253225, 'image': 'https://media.rawg.io/media/screenshots/8e5/8e5e5177969e023df70ea431a72d9bf9.jpg'}, {'id': 4253226, 'image': 'https://media.rawg.io/media/screenshots/119/1192bcf9a0a7be8f83e6f5fd7c9534c2.jpg'}]}]",1
983282,[],0
985617,[],0
989185,[],0
979141,[],0
982422,[],0
384524,[],0
975754,[],0
979446,[],0
979604,[],0
982005,[],0
984600,[],0
373644,[],0
864909,[],0
973399,[],0
982308,[],0
978868,[],0
986898,[],0
758592,[],0
966329,[],0
989331,[],0
989071,[],0
979730,[],0
801033,[],0
975426,[],0
975847,[],0
977969,[],0
975724,[],0
974828,[],0
979400,[],0
976015,[],0
985528,[],0
977772,[],0
985578,[],0
980172,[],0
973398,[],0
975918,[],0
988944,[],0
983530,[],0
516126,[],0
975189,[],0
974211,[],0
980748,[],0
990503,[],0
984635,[],0
984308,[],0
978771,[],0
961022,[],0
983876,[],0
981720,[],0
986926,[],0
802049,[],0
666377,[],0
739659,[],0
980214,[],0
990902,[],0
976306,[],0
982538,[],0
993494,[],0
576361,[],0
980577,[],0
983274,[],0
664865,[],0
978044,[],0
830027,[],0
455560,[],0
787599,[],0
990189,[],0
270688,[],0
428675,[],0
981846,[],0
975952,[],0
614963,[],0
43409,[],0
992179,[],0
989747,[],0
979740,[],0
980625,"[{'id': 994286, 'slug': 'altushka-dlia-skufa-eshchio-eshchio', 'name': 'An alt girl for skoof: More, more!', 'released': '2024-07-24', 'tba': False, 'background_image': 'https://media.rawg.io/media/games/596/596d560c97124bcc23e10f5f615d0951.jpg', 'rating': 0.0, 'rating_top': 0, 'ratings': [{'id': 4, 'title': 'recommended', 'count': 1, 'percent': 50.0}, {'id': 3, 'title': 'meh', 'count': 1, 'percent': 50.0}], 'ratings_count': 2, 'reviews_text_count': 0, 'added': 2, 'added_by_status': {'beaten': 2}, 'metacritic': None, 'playtime': 0, 'suggestions_count': 104, 'updated': '2025-04-28T21:31:13', 'user_game': None, 'reviews_count': 2, 'community_rating': 0, 'saturated_color': '0f0f0f', 'dominant_color': '0f0f0f', 'platforms': [{'platform': {'id': 6, 'name': 'Linux', 'slug': 'linux', 'image': None, 'year_end': None, 'year_start': None, 'games_count': 80181, 'image_background': 'https://media.rawg.io/media/games/b54/b54598d1d5cc31899f4f0a7e3122a7b0.jpg'}, 'released_at': '2024-07-24', 'requirements_en': None, 'requirements_ru': None}, {'platform': {'id': 5, 'name': 'macOS', 'slug': 'macos', 'image': None, 'year_end': None, 'year_start': None, 'games_count': 107790, 'image_background': 'https://media.rawg.io/media/games/8d6/8d69eb6c32ed6acfd75f82d532144993.jpg'}, 'released_at': '2024-07-24', 'requirements_en': None, 'requirements_ru': None}, {'platform': {'id': 4, 'name': 'PC', 'slug': 'pc', 'image': None, 'year_end': None, 'year_start': None, 'games_count': 558895, 'image_background': 'https://media.rawg.io/media/games/46d/46d98e6910fbc0706e2948a7cc9b10c5.jpg'}, 'released_at': '2024-07-24', 'requirements_en': None, 'requirements_ru': None}], 'parent_platforms': [{'platform': {'id': 1, 'name': 'PC', 'slug': 'pc'}}, {'platform': {'id': 5, 'name': 'Apple Macintosh', 'slug': 'mac'}}, {'platform': {'id': 6, 'name': 'Linux', 'slug': 'linux'}}], 'genres': [{'id': 51, 'name': 'Indie', 'slug': 'indie', 'games_count': 85271, 'image_background': 'https://media.rawg.io/media/games/ffe/ffed87105b14f5beff72ff44a7793fd5.jpg'}], 'stores': [{'id': 997416, 'store': {'id': 1, 'name': 'Steam', 'slug': 'steam', 'domain': 'store.steampowered.com', 'games_count': 121767, 'image_background': 'https://media.rawg.io/media/games/f46/f466571d536f2e3ea9e815ad17177501.jpg'}}], 'clip': None, 'tags': [], 'esrb_rating': {'id': 4, 'name': 'Mature', 'slug': 'mature'}, 'short_screenshots': [{'id': -1, 'image': 'https://media.rawg.io/media/games/596/596d560c97124bcc23e10f5f615d0951.jpg'}, {'id': 4148282, 'image': 'https://media.rawg.io/media/screenshots/21f/21fce43d2528dfccd5b7bf4e5243e09b.jpg'}, {'id': 4148283, 'image': 'https://media.rawg.io/media/screenshots/eb2/eb2cc035229fc02d54228be6f74cb041.jpg'}, {'id': 4148284, 'image': 'https://media.rawg.io/media/screenshots/f8d/f8d90be707ca17f09dbf779e556d6d7b.jpg'}, {'id': 4148285, 'image': 'https://media.rawg.io/media/screenshots/01d/01d13662631de3d7816fc1e14135c463.jpg'}]}]",1
976607,[],0
988068,[],0
966220,[],0
973891,[],0
976006,[],0
985959,[],0
975753,[],0
984004,[],0
982429,[],0
983289,[],0
566457,[],0
981998,[],0
983520,[],0
988811,[],0
981718,[],0
975524,[],0
983580,[],0
844477,[],0
962014,[],0
32338,[],0
983884,[],0
992515,[],0
979542,[],0
968634,[],0
976002,[],0
971658,[],0
801582,[],0
960412,[],0
977750,[],0
979094,[],0
977212,[],0
813547,[],0
982815,[],0
975919,[],0
938001,[],0
976754,[],0
986803,[],0
977516,[],0
976298,[],0
991509,[],0
992333,[],0
977420,[],0
976210,[],0
980194,[],0
979991,[],0
975370,[],0
962016,[],0
995009,[],0
988189,[],0
975094,[],0
989330,[],0
981132,[],0
987665,[],0
986919,[],0
975715,[],0
986526,[],0
976135,[],0
990488,[],0
795380,[],0
976502,[],0
975353,[],0
986924,[],0
983082,[],0
990225,[],0
552916,[],0
990869,[],0
975011,[],0
981725,[],0
981612,[],0
865028,[],0
959818,[],0
801040,[],0
976959,[],0
988178,[],0
977233,[],0
989447,[],0
977361,[],0
992498,[],0
799271,[],0
988675,[],0
962019,[],0
978863,[],0
975381,[],0
455562,[],0
976187,[],0
844467,[],0
988915,[],0
981356,[],0
962140,[],0
982356,[],0
982338,[],0
978618,[],0
975679,[],0
978037,[],0
35198,[],0
881134,[],0
985587,[],0
980375,[],0
801886,[],0
990351,[],0
986929,[],0
974923,[],0
993912,[],0
47093,[],0
990559,[],0
63109,[],0
802040,[],0
986938,[],0
984332,[],0
975457,[],0
989033,[],0
975680,[],0
974887,[],0
985660,[],0
979848,[],0
974243,[],0
982412,[],0
971878,[],0
986797,[],0
980091,[],0
987349,[],0
977992,[],0
491595,[],0
976159,[],0
983722,[],0
983332,[],0
977132,[],0
962148,[],0
978805,[],0
984280,[],0
991685,[],0
984119,[],0
980945,[],0
984390,[],0
983029,[],0
988662,[],0
978816,[],0
969410,[],0
984248,[],0
989036,[],0
988616,[],0
992264,[],0
981207,[],0
975421,[],0
983372,[],0
980814,[],0
976336,[],0
992102,[],0
982758,[],0
976708,[],0
983315,[],0
974992,[],0
987402,[],0
923013,[],0
980010,[],0
979252,[],0
975385,[],0
984009,[],0
974986,[],0
989666,[],0
975490,[],0
975399,[],0
977394,[],0
975347,[],0
976958,[],0
990695,[],0
978316,[],0
972655,[],0
989805,[],0
980628,[],0
978945,[],0
977792,[],0
982314,[],0
990006,[],0
991900,[],0
975056,[],0
651266,[],0
985167,[],0
984253,[],0
978497,[],0
977153,[],0
983241,[],0
708997,[],0
987243,[],0
986690,[],0
965252,[],0
979308,[],0
974214,[],0
981518,[],0
973392,[],0
980892,[],0
991587,[],0
975655,[],0
975356,[],0
981608,[],0
987188,[],0
988024,[],0
984025,[],0
980425,[],0
980401,[],0
985180,[],0
983635,[],0
975784,[],0
966371,[],0
980383,[],0
993124,[],0
992599,[],0
982130,[],0
993451,[],0
987237,[],0
991568,[],0
989110,[],0
379460,[],0
982884,[],0
988419,[],0
992292,[],0
988375,[],0
990025,[],0
992621,[],0
978047,[],0
992655,[],0
976070,[],0
982723,[],0
992646,[],0
881548,[],0
984072,[],0
980854,[],0
979290,[],0
989024,[],0
985140,[],0
974853,[],0
990780,[],0
985273,[],0
986297,[],0
982824,[],0
983328,[],0
992841,[],0
975259,[],0
987352,[],0
975606,[],0
989460,[],0
978095,[],0
980923,[],0
982857,[],0
876507,[],0
979928,[],0
982706,[],0
979383,[],0
987950,[],0
982846,[],0
987774,[],0
978866,[],0
986937,[],0
262438,[],0
961401,[],0
981065,[],0
992674,[],0
988510,[],0
990589,[],0
988790,[],0
981077,[],0
975568,[],0
985239,[],0
981301,[],0
985040,[],0
985750,[],0
984560,[],0
978346,[],0
990474,[],0
985451,[],0
984568,[],0
981888,[],0
986233,[],0
986219,[],0
990495,[],0
989228,[],0
982362,[],0
996752,[],0
993207,[],0
989866,[],0
963217,[],0
990339,[],0
982360,[],0
992502,"[{'id': 34744, 'slug': 'warcraft-3-the-frozen-throne', 'name': 'Warcraft 3: The Frozen Throne', 'released': '2003-06-30', 'tba': False, 'background_image': 'https://media.rawg.io/media/games/672/67272c0ae016e71bf46c8e337803d7da.jpg', 'rating': 4.56, 'rating_top': 5, 'ratings': [{'id': 5, 'title': 'exceptional', 'count': 767, 'percent': 67.94}, {'id': 4, 'title': 'recommended', 'count': 278, 'percent': 24.62}, {'id': 3, 'title': 'meh', 'count': 56, 'percent': 4.96}, {'id': 1, 'title': 'skip', 'count': 28, 'percent': 2.48}], 'ratings_count': 1122, 'reviews_text_count': 6, 'added': 1778, 'added_by_status': {'yet': 44, 'owned': 451, 'beaten': 1022, 'toplay': 46, 'dropped': 196, 'playing': 19}, 'metacritic': 88, 'playtime': 0, 'suggestions_count': 486, 'updated': '2025-11-02T17:08:23', 'user_game': None, 'reviews_count': 1129, 'saturated_color': '0f0f0f', 'dominant_color': '0f0f0f', 'platforms': [{'platform': {'id': 4, 'name': 'PC', 'slug': 'pc', 'image': None, 'year_end': None, 'year_start': None, 'games_count': 558895, 'image_background': 'https://media.rawg.io/media/games/46d/46d98e6910fbc0706e2948a7cc9b10c5.jpg'}, 'released_at': '2003-06-30', 'requirements_en': None, 'requirements_ru': {'minimum': 'Рentium II 400 МГц, 128 Мб памяти, 3D-ускоритель', 'recommended': 'Pentium III 600 МГц, 256 Мб памяти, 3D-ускоритель'}}, {'platform': {'id': 5, 'name': 'macOS', 'slug': 'macos', 'image': None, 'year_end': None, 'year_start': None, 'games_count': 107790, 'image_background': 'https://media.rawg.io/media/games/8d6/8d69eb6c32ed6acfd75f82d532144993.jpg'}, 'released_at': '2003-06-30', 'requirements_en': None, 'requirements_ru': None}], 'parent_platforms': [{'platform': {'id': 1, 'name': 'PC', 'slug': 'pc'}}, {'platform': {'id': 5, 'name': 'Apple Macintosh', 'slug': 'mac'}}], 'genres': [{'id': 10, 'name': 'Strategy', 'slug': 'strategy', 'games_count': 62095, 'image_background': 'https://media.rawg.io/media/games/054/0549f1a0a5e782d4e81cdf8d022073fa.jpg'}], 'stores': [], 'clip': None, 'tags': [{'id': 37796, 'name': 'exclusive', 'slug': 'exclusive', 'language': 'eng', 'games_count': 4491, 'image_background': 'https://media.rawg.io/media/games/364/3642d850efb217c58feab80b8affaa89.jpg'}, {'id': 37797, 'name': 'true exclusive', 'slug': 'true-exclusive', 'language': 'eng', 'games_count': 3980, 'image_background': 'https://media.rawg.io/media/games/009/009e4e84975d6a60173ec1199db25aa3.jpg'}], 'esrb_rating': {'id': 3, 'name': 'Teen', 'slug': 'teen'}, 'short_screenshots': [{'id': -1, 'image': 'https://media.rawg.io/media/games/672/67272c0ae016e71bf46c8e337803d7da.jpg'}, {'id': 351669, 'image': 'https://media.rawg.io/media/screenshots/832/8326651fe9ccc0b4c06637136290f18c.jpg'}, {'id': 351670, 'image': 'https://media.rawg.io/media/screenshots/2bf/2bf62c1f634a84d53f9f5ec456197cc3.jpg'}, {'id': 351671, 'image': 'https://media.rawg.io/media/screenshots/f86/f86f1cf6408b316fab66f098fc54fda2.jpg'}, {'id': 351672, 'image': 'https://media.rawg.io/media/screenshots/1b4/1b4b9893807095a1202a44874ac5c404.jpg'}, {'id': 351673, 'image': 'https://media.rawg.io/media/screenshots/9c2/9c26685b84e7e08b13c281d994a55289.jpg'}, {'id': 351674, 'image': 'https://media.rawg.io/media/screenshots/332/3325bb3e179b37c98fb6d0f0083b5edd.jpg'}]}, {'id': 30445, 'slug': 'warcraft-3-reign-of-chaos', 'name': 'Warcraft 3: Reign of Chaos', 'released': '2002-07-03', 'tba': False, 'background_image': 'https://media.rawg.io/media/games/667/667b4447a90c4896bfd48400ae76af28.jpg', 'rating': 4.45, 'rating_top': 5, 'ratings': [{'id': 5, 'title': 'exceptional', 'count': 903, 'percent': 63.77}, {'id': 4, 'title': 'recommended', 'count': 378, 'percent': 26.69}, {'id': 3, 'title': 'meh', 'count': 69, 'percent': 4.87}, {'id': 1, 'title': 'skip', 'count': 66, 'percent': 4.66}], 'ratings_count': 1407, 'reviews_text_count': 6, 'added': 2304, 'added_by_status': {'yet': 49, 'owned': 597, 'beaten': 1316, 'toplay': 66, 'dropped': 257, 'playing': 19}, 'metacritic': 92, 'playtime': 0, 'suggestions_count': 531, 'updated': '2025-11-07T06:30:10', 'user_game': None, 'reviews_count': 1416, 'saturated_color': '0f0f0f', 'dominant_color': '0f0f0f', 'platforms': [{'platform': {'id': 4, 'name': 'PC', 'slug': 'pc', 'image': None, 'year_end': None, 'year_start': None, 'games_count': 558895, 'image_background': 'https://media.rawg.io/media/games/46d/46d98e6910fbc0706e2948a7cc9b10c5.jpg'}, 'released_at': '2002-07-03', 'requirements_en': {'minimum': 'Minimum:\r\n\r\nCPU: Pentium II 400MHz/Athlon\r\n\r\nRAM: 128 MB\r\n\r\nGPU: 8MB Direct3D Card (NVIDIA TNT+/ATI Rage 128+/Intel 810+) with DirectX 8.1 support\r\n\r\nDX: DirectX 8.1\r\n\r\nOS: Windows 98/ME/2000/XP\r\n\r\nSTO: 700 MB free disk space\r\n\r\nSound: DirectX compatible Sound Card\r\n\r\nODD: 4X speed CD-ROM\r\n\r\nNET: Low-latency, active Internet connection rated at 28.8 Kbps or faster. LAN play requires TCP/IP connection.', 'recommended': 'Recommended:\r\n\r\nCPU: Pentium III 600MHz/Athlon\r\n\r\nRAM: 256 MB\r\n\r\nGPU: 32 MB 3D Accelerated Video Card with DirectX 8.1 support\r\n\r\nDX: DirectX 8.1\r\n\r\nOS: Windows 98/ME/2000/XP\r\n\r\nSTO: 700 MB free disk space\r\n\r\nSound: DirectX compatible Sound Card\r\n\r\nODD: 4X speed CD-ROM\r\n\r\nNET: Low-latency, active Internet connection rated at 28.8 Kbps or faster. LAN play requires TCP/IP connection.'}, 'requirements_ru': {'minimum': 'Р2-400, 128 Мб памяти, 3D-ускоритель', 'recommended': 'Pentium III 600, 256 Мб памяти, 3D-ускоритель'}}, {'platform': {'id': 5, 'name': 'macOS', 'slug': 'macos', 'image': None, 'year_end': None, 'year_start': None, 'games_count': 107790, 'image_background': 'https://media.rawg.io/media/games/8d6/8d69eb6c32ed6acfd75f82d532144993.jpg'}, 'released_at': '2002-07-03', 'requirements_en': None, 'requirements_ru': None}], 'parent_platforms': [{'platform': {'id': 1, 'name': 'PC', 'slug': 'pc'}}, {'platform': {'id': 5, 'name': 'Apple Macintosh', 'slug': 'mac'}}], 'genres': [{'id': 10, 'name': 'Strategy', 'slug': 'strategy', 'games_count': 62095, 'image_background': 'https://media.rawg.io/media/games/054/0549f1a0a5e782d4e81cdf8d022073fa.jpg'}], 'stores': [], 'clip': None, 'tags': [{'id': 37796, 'name': 'exclusive', 'slug': 'exclusive', 'language': 'eng', 'games_count': 4491, 'image_background': 'https://media.rawg.io/media/games/364/3642d850efb217c58feab80b8affaa89.jpg'}, {'id': 37797, 'name': 'true exclusive', 'slug': 'true-exclusive', 'language': 'eng', 'games_count': 3980, 'image_background': 'https://media.rawg.io/media/games/009/009e4e84975d6a60173ec1199db25aa3.jpg'}], 'esrb_rating': {'id': 3, 'name': 'Teen', 'slug': 'teen'}, 'short_screenshots': [{'id': -1, 'image': 'https://media.rawg.io/media/games/667/667b4447a90c4896bfd48400ae76af28.jpg'}, {'id': 303413, 'image': 'https://media.rawg.io/media/screenshots/1ea/1ea7402222bca98650e7c7ff8938b3e9.jpg'}, {'id': 303414, 'image': 'https://media.rawg.io/media/screenshots/244/244d85cd949d373b3a1b774bb6fc6fb4.jpg'}, {'id': 303415, 'image': 'https://media.rawg.io/media/screenshots/2c2/2c253f0d0bec98d64572ff2cd31b2170.jpg'}, {'id': 303416, 'image': 'https://media.rawg.io/media/screenshots/0b6/0b6d2f3a3c06031aa72a888c1fe09d69.jpg'}, {'id': 303417, 'image': 'https://media.rawg.io/media/screenshots/d5e/d5ea459d303a3b074c17e5595237f8f4.jpg'}, {'id': 303418, 'image': 'https://media.rawg.io/media/screenshots/3af/3af1bcfddd61d64faba84b077c7fb3f5.jpg'}]}, {'id': 31113, 'slug': 'warcraft-2-battlenet-edition', 'name': 'Warcraft 2: Battle.net Edition', 'released': '1999-01-01', 'tba': False, 'background_image': 'https://media.rawg.io/media/screenshots/590/590739992afb87e411cd26479c69cdbf.jpg', 'rating': 4.09, 'rating_top': 4, 'ratings': [{'id': 4, 'title': 'recommended', 'count': 25, 'percent': 53.19}, {'id': 5, 'title': 'exceptional', 'count': 17, 'percent': 36.17}, {'id': 1, 'title': 'skip', 'count': 4, 'percent': 8.51}, {'id': 3, 'title': 'meh', 'count': 1, 'percent': 2.13}], 'ratings_count': 47, 'reviews_text_count': 0, 'added': 99, 'added_by_status': {'yet': 7, 'owned': 20, 'beaten': 46, 'toplay': 7, 'dropped': 16, 'playing': 3}, 'metacritic': None, 'playtime': 0, 'suggestions_count': 193, 'updated': '2025-06-25T17:15:38', 'user_game': None, 'reviews_count': 47, 'saturated_color': '0f0f0f', 'dominant_color': '0f0f0f', 'platforms': [{'platform': {'id': 4, 'name': 'PC', 'slug': 'pc', 'image': None, 'year_end': None, 'year_start': None, 'games_count': 558895, 'image_background': 'https://media.rawg.io/media/games/46d/46d98e6910fbc0706e2948a7cc9b10c5.jpg'}, 'released_at': '1999-01-01', 'requirements_en': None, 'requirements_ru': {'minimum': 'i486-100, 16 Мб', 'recommended': 'Pentium 133, 32 Мб'}}], 'parent_platforms': [{'platform': {'id': 1, 'name': 'PC', 'slug': 'pc'}}], 'genres': [{'id': 10, 'name': 'Strategy', 'slug': 'strategy', 'games_count': 62095, 'image_background': 'https://media.rawg.io/media/games/054/0549f1a0a5e782d4e81cdf8d022073fa.jpg'}], 'stores': [], 'clip': None, 'tags': [], 'esrb_rating': None, 'short_screenshots': [{'id': -1, 'image': 'https://media.rawg.io/media/screenshots/590/590739992afb87e411cd26479c69cdbf.jpg'}, {'id': 312289, 'image': 'https://media.rawg.io/media/screenshots/1bb/1bb0347b856d14518b60aa769c68d2a7.jpg'}, {'id': 312290, 'image': 'https://media.rawg.io/media/screenshots/0b4/0b4e8d5d8a203f76c649a51c0fb383b3.jpg'}, {'id': 312291, 'image': 'https://media.rawg.io/media/screenshots/20d/20d75164921bdb0ed1ed4b6c9e7d4b75.jpg'}, {'id': 312292, 'image': 'https://media.rawg.io/media/screenshots/82b/82b2d24fe370a4a40726758fabd45e4e.jpg'}, {'id': 312293, 'image': 'https://media.rawg.io/media/screenshots/590/590739992afb87e411cd26479c69cdbf.jpg'}]}, {'id': 30016, 'slug': 'warcraft-2-beyond-the-dark-portal', 'name': 'Warcraft 2: Beyond the Dark Portal', 'released': '1996-05-16', 'tba': False, 'background_image': 'https://media.rawg.io/media/screenshots/1f6/1f613bb69b69b8d4589a425a8b09114d_RuknkqQ.jpg', 'rating': 4.3, 'rating_top': 4, 'ratings': [{'id': 4, 'title': 'recommended', 'count': 77, 'percent': 53.47}, {'id': 5, 'title': 'exceptional', 'count': 58, 'percent': 40.28}, {'id': 3, 'title': 'meh', 'count': 6, 'percent': 4.17}, {'id': 1, 'title': 'skip', 'count': 3, 'percent': 2.08}], 'ratings_count': 144, 'reviews_text_count': 0, 'added': 280, 'added_by_status': {'yet': 11, 'owned': 46, 'beaten': 143, 'toplay': 18, 'dropped': 56, 'playing': 6}, 'metacritic': None, 'playtime': 0, 'suggestions_count': 83, 'updated': '2025-06-21T11:02:48', 'user_game': None, 'reviews_count': 144, 'saturated_color': '0f0f0f', 'dominant_color': '0f0f0f', 'platforms': [{'platform': {'id': 27, 'name': 'PlayStation', 'slug': 'playstation1', 'image': None, 'year_end': None, 'year_start': None, 'games_count': 1682, 'image_background': 'https://media.rawg.io/media/games/243/2434639122ce19d4811048cd11ab5ba0.jpg'}, 'released_at': '1996-05-16', 'requirements_en': None, 'requirements_ru': None}, {'platform': {'id': 4, 'name': 'PC', 'slug': 'pc', 'image': None, 'year_end': None, 'year_start': None, 'games_count': 558895, 'image_background': 'https://media.rawg.io/media/games/46d/46d98e6910fbc0706e2948a7cc9b10c5.jpg'}, 'released_at': '1996-05-16', 'requirements_en': None, 'requirements_ru': None}], 'parent_platforms': [{'platform': {'id': 1, 'name': 'PC', 'slug': 'pc'}}, {'platform': {'id': 2, 'name': 'PlayStation', 'slug': 'playstation'}}], 'genres': [{'id': 10, 'name': 'Strategy', 'slug': 'strategy', 'games_count': 62095, 'image_background': 'https://media.rawg.io/media/games/054/0549f1a0a5e782d4e81cdf8d022073fa.jpg'}], 'stores': [], 'clip': None, 'tags': [], 'esrb_rating': None, 'short_screenshots': [{'id': -1, 'image': 'https://media.rawg.io/media/screenshots/1f6/1f613bb69b69b8d4589a425a8b09114d_RuknkqQ.jpg'}, {'id': 297362, 'image': 'https://media.rawg.io/media/screenshots/372/3729e2abc16bc39190f7c6f2ed921cb6.jpg'}, {'id': 297363, 'image': 'https://media.rawg.io/media/screenshots/1f6/1f613bb69b69b8d4589a425a8b09114d_RuknkqQ.jpg'}]}, {'id': 57967, 'slug': 'warcraft-ii-tides-of-darkness', 'name': 'Warcraft II: Tides of Darkness', 'released': '1995-12-09', 'tba': False, 'background_image': 'https://media.rawg.io/media/games/f94/f9474e5b82d28d3a686b3d7c551d8f5d.jpg', 'rating': 4.36, 'rating_top': 5, 'ratings': [{'id': 5, 'title': 'exceptional', 'count': 162, 'percent': 53.47}, {'id': 4, 'title': 'recommended', 'count': 112, 'percent': 36.96}, {'id': 3, 'title': 'meh', 'count': 17, 'percent': 5.61}, {'id': 1, 'title': 'skip', 'count': 12, 'percent': 3.96}], 'ratings_count': 302, 'reviews_text_count': 1, 'added': 576, 'added_by_status': {'yet': 24, 'owned': 110, 'beaten': 300, 'toplay': 32, 'dropped': 105, 'playing': 5}, 'metacritic': None, 'playtime': 0, 'suggestions_count': 393, 'updated': '2025-10-25T13:45:30', 'user_game': None, 'reviews_count': 303, 'saturated_color': '0f0f0f', 'dominant_color': '0f0f0f', 'platforms': [{'platform': {'id': 4, 'name': 'PC', 'slug': 'pc', 'image': None, 'year_end': None, 'year_start': None, 'games_count': 558895, 'image_background': 'https://media.rawg.io/media/games/46d/46d98e6910fbc0706e2948a7cc9b10c5.jpg'}, 'released_at': '1995-12-09', 'requirements_en': None, 'requirements_ru': {'minimum': 'i386-40, 8 Мб', 'recommended': 'i486-66, 16 Мб'}}, {'platform': {'id': 27, 'name': 'PlayStation', 'slug': 'playstation1', 'image': None, 'year_end': None, 'year_start': None, 'games_count': 1682, 'image_background': 'https://media.rawg.io/media/games/243/2434639122ce19d4811048cd11ab5ba0.jpg'}, 'released_at': '1995-12-09', 'requirements_en': None, 'requirements_ru': None}, {'platform': {'id': 55, 'name': 'Classic Macintosh', 'slug': 'macintosh', 'image': None, 'year_end': None, 'year_start': None, 'games_count': 674, 'image_background': 'https://media.rawg.io/media/games/0c5/0c5fcdf04048200da14b90e0e6cfaf6b.jpg'}, 'released_at': '1995-12-09', 'requirements_en': None, 'requirements_ru': None}], 'parent_platforms': [{'platform': {'id': 1, 'name': 'PC', 'slug': 'pc'}}, {'platform': {'id': 2, 'name': 'PlayStation', 'slug': 'playstation'}}, {'platform': {'id': 5, 'name': 'Apple Macintosh', 'slug': 'mac'}}], 'genres': [{'id': 10, 'name': 'Strategy', 'slug': 'strategy', 'games_count': 62095, 'image_background': 'https://media.rawg.io/media/games/054/0549f1a0a5e782d4e81cdf8d022073fa.jpg'}], 'stores': [{'id': 974774, 'store': {'id': 5, 'name': 'GOG', 'slug': 'gog', 'domain': 'gog.com', 'games_count': 7041, 'image_background': 'https://media.rawg.io/media/games/63f/63f0e68688cad279ed38cde931dbfcdb.jpg'}}], 'clip': None, 'tags': [{'id': 31, 'name': 'Singleplayer', 'slug': 'singleplayer', 'language': 'eng', 'games_count': 249492, 'image_background': 'https://media.rawg.io/media/games/021/021c4e21a1824d2526f925eff6324653.jpg'}, {'id': 7, 'name': 'Multiplayer', 'slug': 'multiplayer', 'language': 'eng', 'games_count': 42318, 'image_background': 'https://media.rawg.io/media/games/587/587588c64afbff80e6f444eb2e46f9da.jpg'}, {'id': 567, 'name': 'Battle.net', 'slug': 'battlenet', 'language': 'eng', 'games_count': 1, 'image_background': 'https://media.rawg.io/media/screenshots/46e/46ecd4f16ee9f6b72f7f0ac5fe116694.jpg'}], 'esrb_rating': {'id': 3, 'name': 'Teen', 'slug': 'teen'}, 'short_screenshots': [{'id': -1, 'image': 'https://media.rawg.io/media/games/f94/f9474e5b82d28d3a686b3d7c551d8f5d.jpg'}, {'id': 804499, 'image': 'https://media.rawg.io/media/screenshots/c7a/c7ae6365e3c98206c6b4d40ee1031688.jpg'}, {'id': 804500, 'image': 'https://media.rawg.io/media/screenshots/12b/12ba616536700d0d4e2a9952834f4d60_tHI8Gjn.jpg'}, {'id': 804501, 'image': 'https://media.rawg.io/media/screenshots/fe0/fe077fdade70c05a8493a68ed7af18dc.jpg'}, {'id': 804502, 'image': 'https://media.rawg.io/media/screenshots/0ba/0ba03b19f89f982ca8c827a60f19d251.jpg'}, {'id': 804503, 'image': 'https://media.rawg.io/media/screenshots/640/640f52646311fa2c405b993ccca91f6d.jpg'}, {'id': 804504, 'image': 'https://media.rawg.io/media/screenshots/5ff/5ff07af99dcb016452e690771d23ae29.jpg'}]}, {'id': 29590, 'slug': 'warcraft-orcs-humans', 'name': 'Warcraft: Orcs & Humans', 'released': '1994-11-23', 'tba': False, 'background_image': 'https://media.rawg.io/media/games/afe/afe2b96b3c9f3632cfce254fad4eb242.jpg', 'rating': 3.86, 'rating_top': 4, 'ratings': [{'id': 4, 'title': 'recommended', 'count': 107, 'percent': 67.3}, {'id': 3, 'title': 'meh', 'count': 27, 'percent': 16.98}, {'id': 5, 'title': 'exceptional', 'count': 20, 'percent': 12.58}, {'id': 1, 'title': 'skip', 'count': 5, 'percent': 3.14}], 'ratings_count': 158, 'reviews_text_count': 1, 'added': 453, 'added_by_status': {'yet': 28, 'owned': 186, 'beaten': 153, 'toplay': 20, 'dropped': 63, 'playing': 3}, 'metacritic': None, 'playtime': 1, 'suggestions_count': 381, 'updated': '2025-08-07T19:34:20', 'user_game': None, 'reviews_count': 159, 'saturated_color': '0f0f0f', 'dominant_color': '0f0f0f', 'platforms': [{'platform': {'id': 5, 'name': 'macOS', 'slug': 'macos', 'image': None, 'year_end': None, 'year_start': None, 'games_count': 107790, 'image_background': 'https://media.rawg.io/media/games/8d6/8d69eb6c32ed6acfd75f82d532144993.jpg'}, 'released_at': '1994-11-23', 'requirements_en': None, 'requirements_ru': None}, {'platform': {'id': 4, 'name': 'PC', 'slug': 'pc', 'image': None, 'year_end': None, 'year_start': None, 'games_count': 558895, 'image_background': 'https://media.rawg.io/media/games/46d/46d98e6910fbc0706e2948a7cc9b10c5.jpg'}, 'released_at': '1994-11-23', 'requirements_en': None, 'requirements_ru': {'minimum': 'i386-33, 4 Мб', 'recommended': 'i486-40, 8 Мб'}}], 'parent_platforms': [{'platform': {'id': 1, 'name': 'PC', 'slug': 'pc'}}, {'platform': {'id': 5, 'name': 'Apple Macintosh', 'slug': 'mac'}}], 'genres': [{'id': 10, 'name': 'Strategy', 'slug': 'strategy', 'games_count': 62095, 'image_background': 'https://media.rawg.io/media/games/054/0549f1a0a5e782d4e81cdf8d022073fa.jpg'}], 'stores': [{'id': 394297, 'store': {'id': 5, 'name': 'GOG', 'slug': 'gog', 'domain': 'gog.com', 'games_count': 7041, 'image_background': 'https://media.rawg.io/media/games/63f/63f0e68688cad279ed38cde931dbfcdb.jpg'}}], 'clip': None, 'tags': [{'id': 51, 'name': 'Destruction', 'slug': 'destruction', 'language': 'eng', 'games_count': 3950, 'image_background': 'https://media.rawg.io/media/games/9da/9da42a4da370cc386c8578f0b2578e2c.jpg'}], 'esrb_rating': {'id': 3, 'name': 'Teen', 'slug': 'teen'}, 'short_screenshots': [{'id': -1, 'image': 'https://media.rawg.io/media/games/afe/afe2b96b3c9f3632cfce254fad4eb242.jpg'}, {'id': 291762, 'image': 'https://media.rawg.io/media/screenshots/e22/e22fdf8d76ce602e1b58cb52cd4a58e0.jpg'}, {'id': 291763, 'image': 'https://media.rawg.io/media/screenshots/7f5/7f597be2788cae7a4f5ba844938ca423_0SpHTEg.jpg'}, {'id': 291764, 'image': 'https://media.rawg.io/media/screenshots/d08/d08dcaede0d9124baf4996fd6ff6a72d_abfh2oX.jpg'}, {'id': 291765, 'image': 'https://media.rawg.io/media/screenshots/29a/29a01347176585ef2fa1f179279abcb1_PuJtCWk.jpg'}, {'id': 291766, 'image': 'https://media.rawg.io/media/screenshots/028/02865c7cfcdfc024eaa36767bc631151.jpg'}, {'id': 1878192, 'image': 'https://media.rawg.io/media/screenshots/c2d/c2d813a40e34f8cae289930e578a9c4c.jpg'}]}]",6
979879,[],0
994390,[],0
977557,[],0
979836,[],0
983526,[],0
988745,[],0
985957,[],0
982739,[],0
988899,[],0
977261,[],0
977468,[],0
982409,[],0
993568,[],0
980717,[],0
992189,[],0
988779,[],0
990379,[],0
983715,[],0
988482,[],0
992357,[],0
975084,[],0
979155,[],0
976345,[],0
966188,[],0
986100,[],0
988776,[],0
983875,[],0
990380,[],0
986117,[],0
965929,[],0
990586,[],0
978281,[],0
978202,[],0
994766,[],0
994216,[],0
983837,[],0
992606,[],0
980373,[],0
748655,[],0
850686,[],0
454547,[],0
978792,[],0
986912,[],0
830028,[],0
993281,[],0
977817,[],0
966738,[],0
991168,[],0
976837,[],0
977693,[],0
976620,[],0
967876,[],0
849452,[],0
987047,[],0
982290,[],0
979367,[],0
992719,[],0
980017,[],0
953920,[],0
987637,[],0
985430,[],0
984403,[],0
977139,[],0
985475,[],0
992811,[],0
988929,[],0
992289,[],0
990672,[],0
981079,[],0
978918,[],0
985495,[],0
992997,[],0
982832,[],0
979627,[],0
807138,[],0
324172,[],0
962018,[],0
985966,[],0
992814,[],0
979852,[],0
982418,[],0
988045,[],0
975408,[],0
981243,[],0
976539,[],0
992683,[],0
987568,[],0
984501,[],0
985965,[],0
984326,[],0
982321,[],0
982875,[],0
990670,[],0
979614,[],0
978189,[],0
978284,[],0
986770,[],0
983808,[],0
983313,[],0
986290,[],0
998147,[],0
983586,[],0
983816,[],0
992751,[],0
976197,[],0
975016,[],0
993847,[],0
961207,[],0
977964,[],0
990882,[],0
964137,[],0
990155,[],0
979528,[],0
979481,[],0
974386,[],0
982069,[],0
988172,[],0
981948,[],0
993094,[],0
991138,[],0
987029,[],0
988409,[],0
994681,[],0
982668,[],0
976116,[],0
993492,[],0
992938,[],0
987524,[],0
980090,[],0
987590,[],0
993545,[],0
980583,[],0
980794,[],0
993340,[],0
995886,[],0
982484,[],0
982242,[],0
989270,[],0
844476,[],0
985979,[],0
983531,[],0
982228,[],0
993105,[],0
988051,[],0
992503,"[{'id': 31113, 'slug': 'warcraft-2-battlenet-edition', 'name': 'Warcraft 2: Battle.net Edition', 'released': '1999-01-01', 'tba': False, 'background_image': 'https://media.rawg.io/media/screenshots/590/590739992afb87e411cd26479c69cdbf.jpg', 'rating': 4.09, 'rating_top': 4, 'ratings': [{'id': 4, 'title': 'recommended', 'count': 25, 'percent': 53.19}, {'id': 5, 'title': 'exceptional', 'count': 17, 'percent': 36.17}, {'id': 1, 'title': 'skip', 'count': 4, 'percent': 8.51}, {'id': 3, 'title': 'meh', 'count': 1, 'percent': 2.13}], 'ratings_count': 47, 'reviews_text_count': 0, 'added': 99, 'added_by_status': {'yet': 7, 'owned': 20, 'beaten': 46, 'toplay': 7, 'dropped': 16, 'playing': 3}, 'metacritic': None, 'playtime': 0, 'suggestions_count': 193, 'updated': '2025-06-25T17:15:38', 'user_game': None, 'reviews_count': 47, 'saturated_color': '0f0f0f', 'dominant_color': '0f0f0f', 'platforms': [{'platform': {'id': 4, 'name': 'PC', 'slug': 'pc', 'image': None, 'year_end': None, 'year_start': None, 'games_count': 558895, 'image_background': 'https://media.rawg.io/media/games/46d/46d98e6910fbc0706e2948a7cc9b10c5.jpg'}, 'released_at': '1999-01-01', 'requirements_en': None, 'requirements_ru': {'minimum': 'i486-100, 16 Мб', 'recommended': 'Pentium 133, 32 Мб'}}], 'parent_platforms': [{'platform': {'id': 1, 'name': 'PC', 'slug': 'pc'}}], 'genres': [{'id': 10, 'name': 'Strategy', 'slug': 'strategy', 'games_count': 62095, 'image_background': 'https://media.rawg.io/media/games/054/0549f1a0a5e782d4e81cdf8d022073fa.jpg'}], 'stores': [], 'clip': None, 'tags': [], 'esrb_rating': None, 'short_screenshots': [{'id': -1, 'image': 'https://media.rawg.io/media/screenshots/590/590739992afb87e411cd26479c69cdbf.jpg'}, {'id': 312289, 'image': 'https://media.rawg.io/media/screenshots/1bb/1bb0347b856d14518b60aa769c68d2a7.jpg'}, {'id': 312290, 'image': 'https://media.rawg.io/media/screenshots/0b4/0b4e8d5d8a203f76c649a51c0fb383b3.jpg'}, {'id': 312291, 'image': 'https://media.rawg.io/media/screenshots/20d/20d75164921bdb0ed1ed4b6c9e7d4b75.jpg'}, {'id': 312292, 'image': 'https://media.rawg.io/media/screenshots/82b/82b2d24fe370a4a40726758fabd45e4e.jpg'}, {'id': 312293, 'image': 'https://media.rawg.io/media/screenshots/590/590739992afb87e411cd26479c69cdbf.jpg'}]}, {'id': 30016, 'slug': 'warcraft-2-beyond-the-dark-portal', 'name': 'Warcraft 2: Beyond the Dark Portal', 'released': '1996-05-16', 'tba': False, 'background_image': 'https://media.rawg.io/media/screenshots/1f6/1f613bb69b69b8d4589a425a8b09114d_RuknkqQ.jpg', 'rating': 4.3, 'rating_top': 4, 'ratings': [{'id': 4, 'title': 'recommended', 'count': 77, 'percent': 53.47}, {'id': 5, 'title': 'exceptional', 'count': 58, 'percent': 40.28}, {'id': 3, 'title': 'meh', 'count': 6, 'percent': 4.17}, {'id': 1, 'title': 'skip', 'count': 3, 'percent': 2.08}], 'ratings_count': 144, 'reviews_text_count': 0, 'added': 280, 'added_by_status': {'yet': 11, 'owned': 46, 'beaten': 143, 'toplay': 18, 'dropped': 56, 'playing': 6}, 'metacritic': None, 'playtime': 0, 'suggestions_count': 83, 'updated': '2025-06-21T11:02:48', 'user_game': None, 'reviews_count': 144, 'saturated_color': '0f0f0f', 'dominant_color': '0f0f0f', 'platforms': [{'platform': {'id': 27, 'name': 'PlayStation', 'slug': 'playstation1', 'image': None, 'year_end': None, 'year_start': None, 'games_count': 1682, 'image_background': 'https://media.rawg.io/media/games/243/2434639122ce19d4811048cd11ab5ba0.jpg'}, 'released_at': '1996-05-16', 'requirements_en': None, 'requirements_ru': None}, {'platform': {'id': 4, 'name': 'PC', 'slug': 'pc', 'image': None, 'year_end': None, 'year_start': None, 'games_count': 558895, 'image_background': 'https://media.rawg.io/media/games/46d/46d98e6910fbc0706e2948a7cc9b10c5.jpg'}, 'released_at': '1996-05-16', 'requirements_en': None, 'requirements_ru': None}], 'parent_platforms': [{'platform': {'id': 1, 'name': 'PC', 'slug': 'pc'}}, {'platform': {'id': 2, 'name': 'PlayStation', 'slug': 'playstation'}}], 'genres': [{'id': 10, 'name': 'Strategy', 'slug': 'strategy', 'games_count': 62095, 'image_background': 'https://media.rawg.io/media/games/054/0549f1a0a5e782d4e81cdf8d022073fa.jpg'}], 'stores': [], 'clip': None, 'tags': [], 'esrb_rating': None, 'short_screenshots': [{'id': -1, 'image': 'https://media.rawg.io/media/screenshots/1f6/1f613bb69b69b8d4589a425a8b09114d_RuknkqQ.jpg'}, {'id': 297362, 'image': 'https://media.rawg.io/media/screenshots/372/3729e2abc16bc39190f7c6f2ed921cb6.jpg'}, {'id': 297363, 'image': 'https://media.rawg.io/media/screenshots/1f6/1f613bb69b69b8d4589a425a8b09114d_RuknkqQ.jpg'}]}]",2
991188,[],0
989279,[],0
976812,[],0
990859,[],0
994337,[],0
948152,[],0
975223,[],0
991197,[],0
978516,[],0
988846,[],0
992685,[],0
981526,[],0
990098,[],0
987162,[],0
992470,[],0
994813,[],0
991323,[],0
980703,[],0
991051,[],0
979842,[],0
981177,[],0
982126,[],0
982617,[],0
986223,[],0
975926,[],0
985454,[],0
978946,[],0
978984,[],0
986851,[],0
865088,[],0
991277,[],0
1001690,[],0
982544,[],0
985285,[],0
985346,[],0
981836,[],0
986542,[],0
709180,[],0
847361,[],0
978519,[],0
981675,[],0
994464,[],0
994238,[],0
977714,[],0
976808,[],0
982574,[],0
966543,[],0
986817,[],0
822936,[],0
325076,[],0
993311,[],0
980701,[],0
983086,[],0
984787,[],0
991892,[],0
321316,[],0
984377,[],0
984720,[],0
992904,[],0
976883,[],0
984307,[],0
986309,[],0
980744,[],0
949995,[],0
993974,[],0
988230,[],0
981671,[],0
988800,[],0
993425,[],0
981070,[],0
976435,[],0
980575,[],0
840784,[],0
985483,[],0
980702,[],0
976508,[],0
989575,[],0
771275,[],0
986827,[],0
963100,[],0
975013,[],0
427472,[],0
978435,[],0
975849,[],0
993296,[],0
994407,[],0
840951,[],0
977227,[],0
965250,[],0
986910,[],0
993877,[],0
977293,[],0
990774,[],0
966872,[],0
991137,[],0
991281,[],0
993432,[],0
975392,[],0
991559,[],0
978150,[],0
975927,[],0
982234,[],0
991674,[],0
978975,[],0
992031,[],0
980190,[],0
979266,[],0
976227,[],0
991011,[],0
980742,[],0
650624,[],0
982437,[],0
984291,[],0
990372,[],0
978073,[],0
982516,[],0
978837,[],0
987042,[],0
258362,[],0
978042,[],0
966544,[],0
988102,[],0
975728,[],0
983257,[],0
980810,[],0
979307,[],0
989579,[],0
979306,[],0
990693,[],0
990034,[],0
987937,[],0
994845,[],0
989794,[],0
986488,[],0
975280,[],0
990945,[],0
976464,[],0
977424,[],0
991061,[],0
979201,[],0
976555,[],0
978345,[],0
45472,[],0
988156,[],0
975388,[],0
993366,[],0
963784,[],0
974538,[],0
977476,[],0
743453,[],0
985389,[],0
975791,[],0
985377,[],0
978261,[],0
993871,[],0
985477,[],0
978623,[],0
990707,[],0
930983,[],0
980183,[],0
972016,[],0
850859,[],0
980380,[],0
980284,[],0
990766,[],0
989558,[],0
983433,[],0
988796,[],0
917753,[],0
988384,[],0
383526,[],0
982340,[],0
977710,[],0
386503,[],0
980855,[],0
963326,[],0
980064,[],0
978188,[],0
990357,[],0
989301,[],0
978721,[],0
962015,[],0
650625,[],0
988716,[],0
994346,[],0
991804,[],0
977841,[],0
982048,[],0
980777,[],0
991895,[],0
994547,[],0
976935,[],0
981255,[],0
981617,[],0
988712,[],0
989875,[],0
981611,[],0
961406,[],0
994625,[],0
993936,[],0
977892,[],0
994827,[],0
982105,[],0
980747,[],0
698992,[],0
982312,[],0
986939,[],0
993640,[],0
351749,[],0
983263,[],0
982261,[],0
978300,[],0
977362,[],0
975162,[],0
986804,[],0
979685,[],0
990690,[],0
988631,[],0
990203,[],0
984040,[],0
975641,[],0
985982,[],0
988342,[],0
980660,[],0
989099,[],0
975215,[],0
988655,[],0
975541,[],0
986051,[],0
991092,[],0
979245,[],0
982765,[],0
980421,[],0
977506,[],0
982641,[],0
980970,[],0
980016,[],0
972788,[],0
983310,[],0
981023,[],0
985933,[],0
990311,[],0
982940,[],0
987304,[],0
976046,[],0
988455,[],0
988633,[],0
985783,[],0
990944,[],0
982372,[],0
979532,[],0
980044,[],0
973387,[],0
990880,[],0
986181,[],0
980715,[],0
987804,[],0
984784,[],0
977925,[],0
979397,[],0
983719,[],0
990991,[],0
987859,[],0
975405,[],0
987620,[],0
982109,[],0
993863,[],0
978514,[],0
979069,[],0
987814,[],0
992262,[],0
993849,[],0
989566,[],0
989372,[],0
985110,[],0
980379,[],0
971881,[],0
982149,[],0
983999,[],0
989066,[],0
990235,[],0
987405,[],0
976538,[],0
977422,[],0
975004,[],0
985712,[],0
975643,[],0
978473,[],0
987736,[],0
980397,[],0
991170,[],0
984037,[],0
976955,[],0
979978,[],0
985612,[],0
980184,[],0
980722,[],0
976988,[],0
982407,[],0
981231,[],0
983042,[],0
987123,[],0
988505,[],0
989332,[],0
989206,[],0
985900,[],0
985978,[],0
989985,[],0
982483,[],0
982859,[],0
974983,[],0
977629,[],0
990373,[],0
985051,[],0
988299,[],0
991688,[],0
987443,[],0
907335,[],0
981764,[],0
982225,[],0
985618,[],0
981529,[],0
994389,[],0
975373,[],0
982561,[],0
986321,[],0
976793,[],0
